Team, prediction_1st, prediction_2nd, prediction_5th, prediction_20th, AUPR, AUC
Team120, 0.333333, 0.028169, 0.041667, 0.051151, 0.047835, 0.492437
Team65, 0.062500, 0.090909, 0.104167, 0.100000, 0.078841, 0.628425
Team75, 0.500000, 0.250000, 0.033503, 0.042514, 0.050436, 0.481776
Team83, 0.142857, 0.100000, 0.069444, 0.060976, 0.054518, 0.560339
Team96, 0.142857, 0.153846, 0.037594, 0.040080, 0.044577, 0.478107
