{"BT20": {"IGF1": {"sigma": 0.088285743279389567, "mean": 0.50153592207790376}, "PBS": {"sigma": 0.080572949112468401, "mean": 0.50100148387093935}, "EGF": {"sigma": 0.091383575227391919, "mean": 0.4990140694444703}, "HGF": {"sigma": 0.083812227751647719, "mean": 0.5011684731935}, "Insulin": {"sigma": 0.078002611265508393, "mean": 0.50116598377281807}, "NRG1": {"sigma": 0.078043771632688802, "mean": 0.50050320486815647}, "Serum": {"sigma": 0.10548072590719222, "mean": 0.50246311355308937}, "FGF1": {"sigma": 0.07725379652670028, "mean": 0.50114567460317916}}, "BT549": {"IGF1": {"sigma": 0.077250250083238992, "mean": 0.50110697916666036}, "PBS": {"sigma": 0.077198072615449614, "mean": 0.50036070833334678}, "EGF": {"sigma": 0.077591591591735495, "mean": 0.50108212631578908}, "HGF": {"sigma": 0.082469410771652124, "mean": 0.50151750000000761}, "Insulin": {"sigma": 0.078306939530962988, "mean": 0.50121160256411235}, "NRG1": {"sigma": 0.079890615333262305, "mean": 0.50079910714285925}, "Serum": {"sigma": 0.077826374160509706, "mean": 0.50122912393163754}, "FGF1": {"sigma": 0.080030443188409794, "mean": 0.50034107142856943}}, "MCF7": {"IGF1": {"sigma": 0.081832400169196795, "mean": 0.50121315789471232}, "PBS": {"sigma": 0.090874036383889203, "mean": 0.49872074675323846}, "EGF": {"sigma": 0.08335446467857692, "mean": 0.50155739130436694}, "HGF": {"sigma": 0.088555322502726019, "mean": 0.49960074074072008}, "Insulin": {"sigma": 0.089197196538475118, "mean": 0.50167171296294388}, "NRG1": {"sigma": 0.082296489073090659, "mean": 0.50095104278075964}, "Serum": {"sigma": 0.094320975605849552, "mean": 0.50139308620690193}, "FGF1": {"sigma": 0.097082998021921274, "mean": 0.50206242592594263}}, "UACC812": {"IGF1": {"sigma": 0.076888181757552465, "mean": 0.50164330578511729}, "PBS": {"sigma": 0.077219209605868117, "mean": 0.50054983471075098}, "EGF": {"sigma": 0.078007699561536428, "mean": 0.50113588421051869}, "HGF": {"sigma": 0.084521645543318036, "mean": 0.50133771712157216}, "Insulin": {"sigma": 0.081391618278219627, "mean": 0.50116425287357724}, "NRG1": {"sigma": 0.079818637154769181, "mean": 0.50118231026785665}, "Serum": {"sigma": 0.077140091716272105, "mean": 0.50099329192548814}, "FGF1": {"sigma": 0.079983653424918505, "mean": 0.50087282366071673}}}