{"BT20": {"Src_pY527": {"mu": 0.28630047016572985, "sigma": 0.027048106943949143}, "AKT_pS473": {"mu": 2.393045161707831, "sigma": 0.087862927851731304}, "BAD_pS112": {"mu": 0.31836874915868246, "sigma": 0.024446102293073996}, "c-Met_pY1235": {"mu": 0.23377431667991999, "sigma": 0.027721549693536022}, "YB-1_PS102": {"mu": 0.31134125680919361, "sigma": 0.027964538797863175}, "ACC_pS79": {"mu": 0.35462639155667064, "sigma": 0.027591426161612875}, "PKC-alpha_pS657": {"mu": 0.20390888642603042, "sigma": 0.016389069225212556}, "c-JUN_pS73": {"mu": 0.46421245226217395, "sigma": 0.054300899956281352}, "CHK2_pT68": {"mu": 0.14651383437174562, "sigma": 0.011306611737858463}, "AMPK_pT172": {"mu": 0.31310347623659573, "sigma": 0.024854629253868839}, "CHK1_pS345": {"mu": 0.15158327417505513, "sigma": 0.011946693669541819}, "GSK3-alpha-beta_pS21_S9": {"mu": 0.43809950149622784, "sigma": 0.035281279861852796}, "4EBP1_pS65": {"mu": 0.79547568836627092, "sigma": 0.031420264816251042}, "PRAS40_pT246": {"mu": 0.35472849692119751, "sigma": 0.033667491944950778}, "EGFR_pY1173": {"mu": 0.40395081174107289, "sigma": 0.050501856921178152}, "S6_pS240_S244": {"mu": 2.2994897820483273, "sigma": 0.14168112807970867}, "p27_pT198": {"mu": 0.13558069194388098, "sigma": 0.012866901086795801}, "p38_pT180_Y182": {"mu": 0.29551374132632113, "sigma": 0.028288323894372719}, "HER2_pY1248": {"mu": 0.67196396610421738, "sigma": 0.074643882810349019}, "MEK1_pS217_S221": {"mu": 1.5528998595289281, "sigma": 0.11513671301923385}, "Src_pY416": {"mu": 0.33241734552801677, "sigma": 0.034920380011916032}, "STAT3_pY705": {"mu": 0.20342386998096684, "sigma": 0.018314163749153695}, "AKT_pT308": {"mu": 0.80544251596873784, "sigma": 0.059245004738095124}, "Rb_pS807_S811": {"mu": 0.28613442614845042, "sigma": 0.024494682001049376}, "c-Raf_pS338": {"mu": 0.39586194162349592, "sigma": 0.029970988062018675}, "S6_pS235_S236": {"mu": 1.9495864762050947, "sigma": 0.14603387846495047}, "NDRG1_pT346": {"mu": 0.35558003037371888, "sigma": 0.023015300214390161}, "PEA15_pS116": {"mu": 1.6364234780621165, "sigma": 0.11660300447861642}, "PDK1_pS241": {"mu": 0.13254993775468893, "sigma": 0.012632593691067617}, "MAPK_pT202_Y204": {"mu": 1.532145435833012, "sigma": 0.13855103631458252}, "ER-alpha_pS118": {"mu": 0.12938465767732454, "sigma": 0.010864298205848569}, "NF-kB-p65_pS536": {"mu": 0.76908902863927286, "sigma": 0.085844320398998447}, "GSK3-alpha-beta_pS9": {"mu": 0.39793080538608122, "sigma": 0.032627733676545347}, "PKC-delta": {"mu": 0.1335396805722488, "sigma": 0.011779290650179713}, "EGFR_pY992": {"mu": 0.29905839549225127, "sigma": 0.040331376543022074}, "JNK_pT183_pT185": {"mu": 0.28522193466500956, "sigma": 0.028623075873512763}, "YAP_pS127": {"mu": 0.73358615461714949, "sigma": 0.082505653280481692}, "p90RSK_pT359_S363": {"mu": 0.54071362912795173, "sigma": 0.037900072120854708}, "p70S6K_pT389": {"mu": 1.4767037693136289, "sigma": 0.068453691235006067}, "Rictor_pT1135": {"mu": 0.82903999103962489, "sigma": 0.04897807878142478}, "EGFR_pY1068": {"mu": 0.87276697524196423, "sigma": 0.10454003284545436}, "4EBP1_pT37_pT46": {"mu": 0.54870592245945604, "sigma": 0.034020504937530519}, "p27_pT157": {"mu": 0.16212229466257538, "sigma": 0.018527495159578813}, "PKC-pan-betaII_pS660": {"mu": 0.32134767192873953, "sigma": 0.024888347380229447}, "HER3_pY1298": {"mu": 0.62026619448294662, "sigma": 0.057664985278999416}}, "BT549": {"Src_pY527": {"mu": 0.20197070075118154, "sigma": 0.01693866773536876}, "AKT_pS473": {"mu": 1.8389366855517648, "sigma": 0.058442200431085514}, "BAD_pS112": {"mu": 0.31437122269636736, "sigma": 0.028260535099778331}, "c-Met_pY1235": {"mu": 0.31124739125816631, "sigma": 0.03253162261726876}, "YB-1_PS102": {"mu": 0.32375993428827826, "sigma": 0.027220987081421476}, "PKC-alpha_pS657": {"mu": 0.34512814932348729, "sigma": 0.032871149172816846}, "ACC_pS79": {"mu": 0.47807467907888024, "sigma": 0.039688200488552157}, "CHK2_pT68": {"mu": 0.3209242289726234, "sigma": 0.023288156219399749}, "AMPK_pT172": {"mu": 0.45288912284056998, "sigma": 0.045126032627148815}, "CHK1_pS345": {"mu": 0.31187364164127812, "sigma": 0.025261479628283293}, "GSK3-alpha-beta_pS21_S9": {"mu": 0.45089898044543525, "sigma": 0.033456689944502613}, "4EBP1_pS65": {"mu": 0.6994270134458066, "sigma": 0.03524217019949074}, "PRAS40_pT246": {"mu": 0.32485910009667807, "sigma": 0.025665158389652023}, "EGFR_pY1173": {"mu": 0.2737788500042046, "sigma": 0.036580080710517285}, "S6_pS240_S244": {"mu": 2.0803664119706946, "sigma": 0.06137278442837419}, "p27_pT198": {"mu": 0.1403367500473596, "sigma": 0.013126557485272786}, "p38_pT180_Y182": {"mu": 0.28093631159423432, "sigma": 0.023396915706567659}, "HER2_pY1248": {"mu": 0.588913811688907, "sigma": 0.065025561781233823}, "MEK1_pS217_S221": {"mu": 0.56167060740825769, "sigma": 0.052510176680222453}, "Src_pY416": {"mu": 0.38108002977178285, "sigma": 0.043714843498862149}, "STAT3_pY705": {"mu": 0.36239070538808699, "sigma": 0.020428345541141129}, "AKT_pT308": {"mu": 0.88729557964780903, "sigma": 0.061706111530054099}, "Rb_pS807_S811": {"mu": 0.22290292493668121, "sigma": 0.01981950371788305}, "c-Raf_pS338": {"mu": 0.44850154663261821, "sigma": 0.037523387187445696}, "S6_pS235_S236": {"mu": 2.7542016219791097, "sigma": 0.067611137008930705}, "NDRG1_pT346": {"mu": 0.27516489287009699, "sigma": 0.024442480105219166}, "PEA15_pS116": {"mu": 1.2071729989896816, "sigma": 0.080315218418297113}, "PDK1_pS241": {"mu": 0.10146556785387148, "sigma": 0.0090469787752990929}, "MAPK_pT202_Y204": {"mu": 1.1268901950410759, "sigma": 0.098271065588519016}, "ER-alpha_pS118": {"mu": 0.15962454930770864, "sigma": 0.011680675622322903}, "NF-kB-p65_pS536": {"mu": 0.30428572983917385, "sigma": 0.024711943587399407}, "GSK3-alpha-beta_pS9": {"mu": 0.37780545063371712, "sigma": 0.026108057820622924}, "PKC-delta": {"mu": 0.14368383668212065, "sigma": 0.012402098958570199}, "JNK_pT183_pT185": {"mu": 0.23590040202188062, "sigma": 0.02271533948384985}, "YAP_pS127": {"mu": 0.37403860679361411, "sigma": 0.035386993043142731}, "p90RSK_pT359_S363": {"mu": 0.20988272132339572, "sigma": 0.014876848474510655}, "p70S6K_pT389": {"mu": 1.4504895097460866, "sigma": 0.037268207056947798}, "Rictor_pT1135": {"mu": 0.8307186775237162, "sigma": 0.037438121921966369}, "EGFR_pY1068": {"mu": 1.1388748952909467, "sigma": 0.10888790445328453}, "4EBP1_pT37_pT46": {"mu": 0.37102681240630242, "sigma": 0.032595423346527999}, "p27_pT157": {"mu": 0.18909797317693283, "sigma": 0.016863344499298948}, "PKC-pan-betaII_pS660": {"mu": 0.3602626181084686, "sigma": 0.03788598629467281}, "HER3_pY1298": {"mu": 0.22905896551647989, "sigma": 0.016740841240795837}}, "MCF7": {"Src_pY527": {"mu": 0.23900977478486471, "sigma": 0.021737402683024883}, "AKT_pS473": {"mu": 2.8184790187650459, "sigma": 0.21961426682444848}, "BAD_pS112": {"mu": 0.50138121375587019, "sigma": 0.034445092920630027}, "c-Met_pY1235": {"mu": 0.10683530009586036, "sigma": 0.009232689040240348}, "YB-1_PS102": {"mu": 0.454765488334407, "sigma": 0.042519244281974844}, "ACC_pS79": {"mu": 0.39846822733166393, "sigma": 0.032068888515902304}, "PKC-alpha_pS657": {"mu": 0.19989237922030065, "sigma": 0.015430112476853587}, "c-JUN_pS73": {"mu": 0.2581054053993605, "sigma": 0.018351283255882027}, "CHK2_pT68": {"mu": 0.11738418984015266, "sigma": 0.01094236867774207}, "AMPK_pT172": {"mu": 0.2917838544890905, "sigma": 0.02630242567962137}, "CHK1_pS345": {"mu": 0.13383178920133831, "sigma": 0.012184478072317597}, "GSK3-alpha-beta_pS21_S9": {"mu": 0.54376661263347703, "sigma": 0.036345930801565514}, "4EBP1_pS65": {"mu": 0.39208168536186411, "sigma": 0.018561105920100514}, "PRAS40_pT246": {"mu": 0.55804218983484932, "sigma": 0.042435109095308884}, "EGFR_pY1173": {"mu": 0.091149189864396282, "sigma": 0.0087472609005909939}, "S6_pS240_S244": {"mu": 2.6256500867665915, "sigma": 0.052760311573542336}, "p27_pT198": {"mu": 0.12872522015660451, "sigma": 0.012143026857844868},