{"BT20": {"Src_pY527": {"mu": 0.28587385090650641, "sigma": 0.02693133105072984}, "AKT_pS473": {"mu": 2.3901800465288101, "sigma": 0.088158486855719767}, "BAD_pS112": {"mu": 0.31938305583735233, "sigma": 0.024884310101022499}, "c-Met_pY1235": {"mu": 0.23426714175158103, "sigma": 0.027378953718382702}, "YB-1_PS102": {"mu": 0.31182602267616388, "sigma": 0.027844479061606444}, "ACC_pS79": {"mu": 0.35715828613139039, "sigma": 0.028011319352070657}, "PKC-alpha_pS657": {"mu": 0.20396878329892504, "sigma": 0.016213185171852471}, "c-JUN_pS73": {"mu": 0.46521124186498303, "sigma": 0.053864651694201411}, "CHK2_pT68": {"mu": 0.14666290635805773, "sigma": 0.011334771966102294}, "AMPK_pT172": {"mu": 0.31314953227951964, "sigma": 0.025010221971831056}, "CHK1_pS345": {"mu": 0.15149410130983851, "sigma": 0.011861451389954069}, "GSK3-alpha-beta_pS21_S9": {"mu": 0.437010323779361, "sigma": 0.036167231178390338}, "4EBP1_pS65": {"mu": 0.79573765206613456, "sigma": 0.03132356218086102}, "PRAS40_pT246": {"mu": 0.35417050882221113, "sigma": 0.033710112994727197}, "S6_pS240_S244": {"mu": 2.2905128286050975, "sigma": 0.14323856730547757}, "p27_pT198": {"mu": 0.13593849435314365, "sigma": 0.012680658094810724}, "p38_pT180_Y182": {"mu": 0.29524782562702989, "sigma": 0.02823774982575581}, "MEK1_pS217_S221": {"mu": 1.5522167776902158, "sigma": 0.11669075992031244}, "Src_pY416": {"mu": 0.33294007978137152, "sigma": 0.034672648526541457}, "STAT3_pY705": {"mu": 0.203090242707444, "sigma": 0.01836857722792673}, "AKT_pT308": {"mu": 0.80048675082537535, "sigma": 0.059866478144992331}, "Rb_pS807_S811": {"mu": 0.28558233525715693, "sigma": 0.024403957925332922}, "c-Raf_pS338": {"mu": 0.39521506478384838, "sigma": 0.029875606791721476}, "S6_pS235_S236": {"mu": 1.9471690237846428, "sigma": 0.14206026316499273}, "NF-kB-p65_pS536": {"mu": 0.76843130262865045, "sigma": 0.086185016298813255}, "PEA15_pS116": {"mu": 1.6443724448487138, "sigma": 0.11674093361988618}, "PDK1_pS241": {"mu": 0.13292929048905311, "sigma": 0.012873655312872219}, "MAPK_pT202_Y204": {"mu": 1.5353752922913033, "sigma": 0.13948244562176376}, "ER-alpha_pS118": {"mu": 0.12980527306696493, "sigma": 0.011018049963511276}, "NDRG1_pT346": {"mu": 0.35495554010468966, "sigma": 0.022962441079533019}, "GSK3-alpha-beta_pS9": {"mu": 0.39652714814762702, "sigma": 0.032581800769892741}, "PKC-delta": {"mu": 0.1335495871320018, "sigma": 0.011790253658560868}, "JNK_pT183_pT185": {"mu": 0.28566727263491282, "sigma": 0.028798286143798871}, "YAP_pS127": {"mu": 0.73042757283049842, "sigma": 0.081936621783502958}, "p90RSK_pT359_S363": {"mu": 0.54101257788745827, "sigma": 0.036774283622084507}, "p70S6K_pT389": {"mu": 1.4752946820264523, "sigma": 0.068147777614568597}, "Rictor_pT1135": {"mu": 0.82721756707015759, "sigma": 0.049126302288796289}, "4EBP1_pT37_pT46": {"mu": 0.54792761929749711, "sigma": 0.034124072149467985}, "p27_pT157": {"mu": 0.16258182712576472, "sigma": 0.018826191727616098}, "PKC-pan-betaII_pS660": {"mu": 0.3204955682959767, "sigma": 0.024877468142137236}, "HER3_pY1298": {"mu": 0.6209827971032974, "sigma": 0.056765845346659335}}, "BT549": {"Src_pY527": {"mu": 0.20152524125196225, "sigma": 0.017062591881558939}, "AKT_pS473": {"mu": 1.8379807197342659, "sigma": 0.058601662473787793}, "BAD_pS112": {"mu": 0.31354215123366125, "sigma": 0.028050635186895708}, "c-Met_pY1235": {"mu": 0.31197738168288131, "sigma": 0.03264423723591571}, "YB-1_PS102": {"mu": 0.32286975152228026, "sigma": 0.027300278139445279}, "PKC-alpha_pS657": {"mu": 0.3426683127061706, "sigma": 0.032796151239593598}, "ACC_pS79": {"mu": 0.48181687966546016, "sigma": 0.039803806913567052}, "CHK2_pT68": {"mu": 0.32286964599874518, "sigma": 0.023206826351625069}, "AMPK_pT172": {"mu": 0.45187781721383563, "sigma": 0.045310247015048613}, "CHK1_pS345": {"mu": 0.31203671633098895, "sigma": 0.024739883277011741}, "GSK3-alpha-beta_pS21_S9": {"mu": 0.45036492764541081, "sigma": 0.033044297733377199}, "4EBP1_pS65": {"mu": 0.69537284174963987, "sigma": 0.034653974692061024}, "PRAS40_pT246": {"mu": 0.32170886737157728, "sigma": 0.025669050118747847}, "S6_pS240_S244": {"mu": 2.0697778971614262, "sigma": 0.061310310583378672}, "p27_pT198": {"mu": 0.14100206930702081, "sigma": 0.013429298669938874}, "p38_pT180_Y182": {"mu": 0.28126835196077155, "sigma": 0.023397545725146761}, "MEK1_pS217_S221": {"mu": 0.56107871897198103, "sigma": 0.051608508321152775}, "Src_pY416": {"mu": 0.38145036172559177, "sigma": 0.044715703420269565}, "STAT3_pY705": {"mu": 0.36313208329652558, "sigma": 0.020827885196485589}, "AKT_pT308": {"mu": 0.88634656092457786, "sigma": 0.060246831877663436}, "Rb_pS807_S811": {"mu": 0.22288631665016506, "sigma": 0.019674122238860715}, "c-Raf_pS338": {"mu": 0.44767518283700181, "sigma": 0.037480189774132616}, "S6_pS235_S236": {"mu": 2.7400531330799751, "sigma": 0.067139280801712178}, "NDRG1_pT346": {"mu": 0.27458421948810763, "sigma": 0.024410486543325831}, "PEA15_pS116": {"mu": 1.2103819280630419, "sigma": 0.081308871675673078}, "PDK1_pS241": {"mu": 0.10152277683134506, "sigma": 0.0089775573614271163}, "p27_pT157": {"mu": 0.19041011986419043, "sigma": 0.016928964141919311}, "ER-alpha_pS118": {"mu": 0.15986113723267953, "sigma": 0.011907380482134968}, "NF-kB-p65_pS536": {"mu": 0.30386884672572817, "sigma": 0.024930064208440492}, "GSK3-alpha-beta_pS9": {"mu": 0.37697148151585491, "sigma": 0.026493900862604336}, "PKC-delta": {"mu": 0.14365980213646709, "sigma": 0.012307768936830407}, "JNK_pT183_pT185": {"mu": 0.23623506424915963, "sigma": 0.022871402739221367}, "YAP_pS127": {"mu": 0.37604466666098424, "sigma": 0.035429669260880731}, "p90RSK_pT359_S363": {"mu": 0.21023493465436194, "sigma": 0.014856110051051155}, "p70S6K_pT389": {"mu": 1.4440363207255711, "sigma": 0.036815943600294429}, "Rictor_pT1135": {"mu": 0.82988952563970508, "sigma": 0.037455471802487116}, "4EBP1_pT37_pT46": {"mu": 0.36858836686583091, "sigma": 0.032411957033894712}, "MAPK_pT202_Y204": {"mu": 1.1241818109503157, "sigma": 0.098370181926119571}, "PKC-pan-betaII_pS660": {"mu": 0.35965786729406607, "sigma": 0.03766720289496326}, "HER3_pY1298": {"mu": 0.22902653012234356, "sigma": 0.016744591555301929}}, "MCF7": {"Src_pY527": {"mu": 0.23828586914349192, "sigma": 0.021550718757740173}, "AKT_pS473": {"mu": 2.8167179107104396, "sigma": 0.22055298440516613}, "BAD_pS112": {"mu": 0.50073250362681787, "sigma": 0.034146870152903602}, "c-Met_pY1235": {"mu": 0.10652636387809737, "sigma": 0.0090759235248909463}, "YB-1_PS102": {"mu": 0.45360710938589266, "sigma": 0.04266700374177862}, "ACC_pS79": {"mu": 0.39919089738824087, "sigma": 0.031958014067427432}, "PKC-alpha_pS657": {"mu": 0.19937617684094056, "sigma": 0.015240539921170995}, "c-JUN_pS73": {"mu": 0.25846557699825307, "sigma": 0.018248994335133328}, "CHK2_pT68": {"mu": 0.11720211025803801, "sigma": 0.011026031365882864}, "AMPK_pT172": {"mu": 0.29143517522367313, "sigma": 0.026913358555291294}, "CHK1_pS345": {"mu": 0.13351471729534245, "sigma": 0.012285237662431449}, "GSK3-alpha-beta_pS21_S9": {"mu": 0.54242108626326968, "sigma": 0.037020209439998487}, "4EBP1_pS65": {"mu": 0.39199954308138701, "sigma": 0.018606086411716238}, "PRAS40_pT246": {"mu": 0.55674245560385482, "sigma": 0.043026614917757604}, "S6_pS240_S244": {"mu": 2.6170253410795254, "sigma": 0.052662367538247969}, "p27_pT198": {"mu": 0.12888668393363331, "sigma": 0.012101757389906567}, "p38_pT180_Y182": {"mu": 0.24263479423233417, "sigma": 0.021797559322824709}, "MEK1_pS217_S221": {"mu": 0.77241736737755473, "sigma": 0.063612355268184262}, "Src_pY416": {"mu": 0.18915527239451252, "sigma": 0.018282327752797443}, "STAT3_pY705": {"mu": 0.10904728051328857, "sigma": 0.0099693257616884044}, "AKT_pT308": {"mu": 1.5273124093451302, "sigma": 0.15015227374443321}, "Rb_pS807_S811": {"mu": 0.33386854178244391, "sigma": 0.028858680395907447}, "S6_pS235_S236": {"mu": 2.7581424849463727, "sigma": 0.088290048092626611}, "NF-kB-p65_pS536": {"mu": 0.33070389078729634, "sigma": 0.037952963928074651},